id;title;content;date
1;quintuple except confusion;../fake-data/blob/hipster.txt;2026-06-09T10:07:40
2;uselessly;../fake-data/blob/hipster.txt;2026-06-09T23:01:16
3;phew reckless;../fake-data/blob/hipster.txt;2026-06-09T08:16:10
4;vice towards rout;../fake-data/blob/hipster.txt;2026-06-09T17:19:10
5;woot snack refute;../fake-data/blob/hipster.txt;2026-06-09T10:48:39
6;peaceful;../fake-data/blob/hipster.txt;2026-06-09T23:53:47
7;helplessly thankfully worth;../fake-data/blob/hipster.txt;2026-06-09T08:30:31
8;through soap sandbar;../fake-data/blob/hipster.txt;2026-06-09T12:04:52
9;in reasoning trivial;../fake-data/blob/hipster.txt;2026-06-10T01:21:05
10;duffel woeful;../fake-data/blob/hipster.txt;2026-06-09T19:02:50
11;investigate although ha;../fake-data/blob/hipster.txt;2026-06-09T11:11:37
12;noon little blindly;../fake-data/blob/hipster.txt;2026-06-09T10:21:21
13;flawless underplay definite;../fake-data/blob/hipster.txt;2026-06-09T11:15:04
14;er fairly;../fake-data/blob/hipster.txt;2026-06-09T12:27:07
15;midst since;../fake-data/blob/hipster.txt;2026-06-09T21:29:35
16;yowza and reopen;../fake-data/blob/hipster.txt;2026-06-09T03:40:49
17;finally frenetically;../fake-data/blob/hipster.txt;2026-06-09T05:44:42
18;trust;../fake-data/blob/hipster.txt;2026-06-09T19:48:42
19;weakly closely wobbly;../fake-data/blob/hipster.txt;2026-06-09T22:03:06
20;anaesthetise;../fake-data/blob/hipster.txt;2026-06-09T02:12:17
21;um absentmindedly properly;../fake-data/blob/hipster.txt;2026-06-09T10:13:16
22;oh apud extent;../fake-data/blob/hipster.txt;2026-06-09T17:26:55
23;and behind amid;../fake-data/blob/hipster.txt;2026-06-09T03:32:14
24;inside;../fake-data/blob/hipster.txt;2026-06-09T20:57:33
25;cleave until;../fake-data/blob/hipster.txt;2026-06-09T07:53:40
26;while;../fake-data/blob/hipster.txt;2026-06-09T22:18:35
27;step pfft;../fake-data/blob/hipster.txt;2026-06-09T03:55:11
28;gah atop irk;../fake-data/blob/hipster.txt;2026-06-09T18:19:53
29;march convoke remand;../fake-data/blob/hipster.txt;2026-06-09T15:06:43
30;outlaw into;../fake-data/blob/hipster.txt;2026-06-09T10:49:04
